product_id,player_name,platform,player_unique_id,profile_unique_id,linked_steam_id,names_count,claimed_pid_count,non_steam_pid_count,ip_hash_count,proxy_hashes,vpn_hashes,hosting_hashes,inconsistency_count,inconsistencies
000204c9d6844f7fa4903be72a491f40,1983 Fiat Panda 287k Miles,PCVR,1983 Fiat Panda 287k Miles,76561198275808235,,2,1,0,9,0,0,0,1,player/profile unique_id mismatch
00020652fc4b4ab8b3404a8ff573b8bb,SpRSizBigMac,PCVR,76561198982940119,76561198982940119,,3,1,0,9,0,0,0,0,
0002073024c7452e84a0f02f42174d55,inf1n1te_g7aph,PCVR,76561199013700808,76561199013700808,,6,1,0,18,0,0,0,1,high IP-hash count: 18
0002076d1f1c4a17aa4100b193bb417b,Salted Cracker Jack,PCVR,76561199071612640,76561199071612640,,3,1,0,4,0,0,0,1,player/profile current_name mismatch
00020773f90f406ea4099a91eb2b20df,mattpacelli998,PCVR,76561199235780377,76561199235780377,,1,1,0,2,0,0,0,0,
00020b790862472f8d33b66059a2d5fa,Bruh69,PCVR,76561198856520824,76561198856520824,,2,1,0,14,2,0,2,2,"high IP-hash count: 14; network risk observations: proxy=2, vpn=0, hosting=2"
00020b7d35354858884deb13da8d16ee,duder99m,PCVR,76561199127566599,76561199127566599,,3,1,0,11,0,0,0,1,high IP-hash count: 11
00020b9c1c004dd09d8131d28063360c,Jelkiin,PCVR,76561198201953409,76561198201953409,,4,1,0,7,0,0,0,0,
00020da615ef4259a1d0810577691232,Somchai,PCVR,76561198195646921,76561198195646921,,3,1,0,16,0,0,0,1,high IP-hash count: 16
00020fc5aa6b4e62b239751f35b14dbf,MIDSIZESEDAN,PCVR,76561198432924345,76561198432924345,,1,1,0,5,0,0,0,0,
000211e6cf2b442cbda225ad6706c7ba,nate1517,PCVR,76561198849970999,76561198849970999,,1,1,0,13,0,0,0,1,high IP-hash count: 13
000213f2854241ac937c312a56b71606,****** KimJongUn,PCVR,76561199231014377,76561199231014377,,2,1,0,3,1,0,1,2,"player/profile current_name mismatch; network risk observations: proxy=1, vpn=0, hosting=1"
00021426bd6a409c9a3b823422a42407,Gregory,PCVR,76561199433855928,76561199433855928,,2,1,0,2,2,0,2,2,"player/profile current_name mismatch; network risk observations: proxy=2, vpn=0, hosting=2"
00021572e86d46c3a8f119d39f0ee89f,flybaseball19,PCVR,76561198409653620,76561198409653620,,3,1,0,8,0,0,0,0,
000217b408f844ddaa5b76829488ac1d,Sephiroth,PCVR,76561197969399369,76561197969399369,,2,1,0,4,0,0,0,0,
00021baed51543559c879b2805a62590,Highpolarbear22,PCVR,76561198327610694,76561198327610694,,7,1,0,5,0,0,0,0,
00021bc8e558428d948dbd5c66b0d9c8,EpicMCPower,PCVR,76561198154263133,76561198154263133,,3,1,0,51,23,1,24,2,"high IP-hash count: 51; network risk observations: proxy=23, vpn=1, hosting=24"
00021ef624dc488a9313f77eb1bf136f,Domer,PCVR,76561199013319644,76561198106055777,,1,1,0,3,0,0,0,1,player/profile unique_id mismatch
00021f8a317a4cb9805b470ad9026f78,Araku,PCVR,76561198049853770,76561198049853770,,1,1,0,7,0,0,0,0,
000221f826b44c5e9865818a6d6ade1a,Knuten,PCVR,76561198131434732,76561198131434732,,2,1,0,6,0,0,0,1,player/profile current_name mismatch
0002226e0cb34402b84213f481ec620e,British Colonist,PCVR,76561198284436453,76561198284436453,,3,1,0,12,0,0,0,1,high IP-hash count: 12
000223921cf246dfaf9b8e53f7b0a9c9,[1stAL] Taylor,PCVR,76561199079662115,76561199079662115,,10,1,0,10,1,0,1,3,"player/profile current_name mismatch; high IP-hash count: 10; network risk observations: proxy=1, vpn=0, hosting=1"
00022880d4694ef986cc89b8a972c1ae,George,PCVR,76561198304024853,76561198304024853,,9,1,0,8,0,0,0,1,player/profile current_name mismatch
00022a9d73ca4a5a8e7de96a29631358,Eztli Ulphilas,PCVR,76561198875422047,76561198875422047,,1,1,0,3,0,0,0,0,
00022aeb0d50485d8d0b76c91733fac8,Maniac,PCVR,76561198853167158,76561198853167158,,3,1,0,7,0,0,0,1,player/profile current_name mismatch
00022bf4c5a7497a85ab968289d31a06,PIXEL,PCVR,76561199069037454,76561199069037454,,5,1,0,16,0,0,0,1,high IP-hash count: 16
000230a4914048e08ad4c33d6f66ecfa,Towelie,PCVR,76561199148452692,76561199148452692,,47,1,0,45,0,0,2,4,"player/profile current_name mismatch; high alias count in logs: 19 names; high IP-hash count: 45; network risk observations: proxy=0, vpn=0, hosting=2"
0002326a7acd4fcaba7cf57849f96afe,BeaBea,PCVR,76561198256002538,76561198256002538,,7,1,0,49,0,0,0,1,high IP-hash count: 49
0002358cf9c741b0b5e600d36ac5fa2e,Mr. Lemon,PCVR,76561198374476385,76561198374476385,,2,1,0,4,0,0,0,1,player/profile current_name mismatch
00023665f880432e89e93968530c4aa2,Lap,PCVR,76561198212149249,76561198212149249,,1,1,0,9,0,0,0,0,
0002398117264e6c93f333228c120f2b,|DG| V|LOT,PCVR,76561198014535548,76561198014535548,,2,1,0,8,3,0,0,2,"player/profile current_name mismatch; network risk observations: proxy=3, vpn=0, hosting=0"
00023a91c1b8407c92d50a4721dd7e84,koolguy25,PCVR,76561198154772713,76561198154772713,,1,1,0,4,1,0,1,1,"network risk observations: proxy=1, vpn=0, hosting=1"
00023ab6d24e44a3a2c1b4d75ad56dbb,Xenthicality,PCVR,76561198263393616,76561198263393616,,1,1,0,5,0,0,0,0,
00023c1fdf6f4098b50cfda615fd0bdc,Salsa,PCVR,76561198024543641,76561198137883300,,1,1,0,6,0,0,0,1,player/profile unique_id mismatch
00023d0e2c674ccb9cca7108a2bd796d,BEANS,PCVR,76561199139361336,76561199139361336,,5,1,0,51,0,0,0,2,player/profile current_name mismatch; high IP-hash count: 51
00023d6093d9496a93b0d1a2baba4b0f,violentwaves,PCVR,76561199012059464,76561199012059464,,9,1,0,25,0,1,1,2,"high IP-hash count: 25; network risk observations: proxy=0, vpn=1, hosting=1"
00023d6220b749729b687ee60c7bd62e,Paladin Birdy,PCVR,Paladin Birdy,76561198147801858,,1,1,0,5,0,0,0,1,player/profile unique_id mismatch
00023d6cebb744e2aa5a09001205199c,76561199236630575,PCVR,76561199236630575,76561199236630575,,1,1,0,1,0,0,0,0,
00023eff5ed247ac976782a85a38bf2c,Booster Sid,PCVR,76561198028150702,76561198028150702,,1,1,0,10,0,0,0,1,high IP-hash count: 10
00023fc7c7794b1e8edd028bebe6266f,Hazard Man,PCVR,Hazard Man,76561198095457625,,1,1,0,2,0,0,0,1,player/profile unique_id mismatch
0002409277ca4a719a698502ba3c4063,Jaymie,PCVR,76561197961564370,76561197961564370,,1,1,0,3,0,0,0,0,
0002418aa5d94a71ae29d28b1e5f12be,Spencer,PCVR,76561198319915480,76561198319915480,,1,1,0,3,0,0,0,0,
0002435c63a94c818def5fd1f4c13c16,Jc,PCVR,76561197971119749,76561198970500411,,3,1,0,28,0,0,1,4,"player/profile unique_id mismatch; player/profile current_name mismatch; high IP-hash count: 28; network risk observations: proxy=0, vpn=0, hosting=1"
0002471c1a16472bb1213e639743f455,LordFarquaad2,SHACK,LordFarquaad2,76561198275078793,,6,1,0,7,0,0,0,2,player/profile unique_id mismatch; player/profile current_name mismatch
000249cd845542e5a6d3240d33d058cb,Tired Stargazer,PCVR,Tired Stargazer,76561198151444476,,1,1,0,4,0,0,0,1,player/profile unique_id mismatch
00024a2e591d436fadd25c2b4b9f440d,Vesail,PCVR,76561198161043605,76561198161043605,,1,1,0,5,0,0,0,0,
00024a8ddf954bf4b62c410c97e1203d,Mclovin,PCVR,76561199079805365,76561198166654839,,2,1,0,2,0,0,0,2,player/profile unique_id mismatch; player/profile current_name mismatch
00024c277cd14cad851c23bd6ca2e368,lo12310,PCVR,76561198114497852,76561198114497852,,2,1,0,6,0,0,0,0,
00024ce90bf241a0a86a15fd232d9d81,hotdog water,PCVR,76561198039096735,76561198039096735,,4,1,0,3,0,0,0,1,player/profile current_name mismatch
000251b56b6b41e1b397b8012f98a0da,DarthYogdha,PCVR,76561198445833031,76561198445833031,,1,1,0,9,0,0,0,0,
000251ca6c0849aabdbf6e05cd13ff8d,Finger,PCVR,76561199062098178,76561199062098178,,2,1,0,6,0,0,0,0,
000251cdb0594775a9fddb831ec42318,Mihawk,PCVR,76561198068973345,76561198068973345,,5,1,0,16,0,0,1,2,"high IP-hash count: 16; network risk observations: proxy=0, vpn=0, hosting=1"
00025471bdc6480d88354403e04b957d,itsDiiMS,PCVR,76561198305268013,76561198305268013,,10,1,0,59,0,0,0,1,high IP-hash count: 59
000257e363854cc4a964e2e372e0d8f4,your jordans are CAP!,PCVR,your jordans are CAP!,76561198286151983,,3,1,0,5,0,0,0,2,player/profile unique_id mismatch; player/profile current_name mismatch
000257f0040644329caf4d0fa4170256,Gregory,PCVR,76561198078994359,76561198078994359,,1,1,0,5,0,0,0,0,
000258c212524ae8b8eb7affa6f5037a,USEC,PCVR,76561198017838480,76561198017838480,,1,1,0,1,0,0,0,0,
0002591afdd1455698490301a425558f,UrbanGhost3,PCVR,76561198074434123,76561198074434123,,3,1,0,15,1,0,1,3,"player/profile current_name mismatch; high IP-hash count: 15; network risk observations: proxy=1, vpn=0, hosting=1"
00025a3bb2624487a60945abe5dc97c5,pile of balls,PCVR,76561198206367043,76561198206367043,,5,1,0,6,0,0,0,1,player/profile current_name mismatch
00025b7da75f43859e6186e95012607e,Stone Thief,PCVR,76561199478337080,76561199478337080,,5,1,0,2,0,0,0,1,player/profile current_name mismatch
00025e22181e43a6b41bad6e8bae49e0,doomergoat,PCVR,76561199122391523,76561199122391523,,1,1,0,4,0,0,0,0,
00025e27371a4b438b106aa745ab2fcd,average voices enjoyer,PCVR,average voices enjoyer,76561198307919303,,1,1,0,2,0,0,0,1,player/profile unique_id mismatch
00025e587e1e4863b31fe072bfeedb3f,Comically large wrench,PCVR,76561199067946685,76561199067946685,,2,1,0,2,0,0,0,0,
00025e76fb7e40a9817c7d1f250fcb29,Viper83,PCVR,76561198010766883,76561198010766883,,5,1,0,14,0,0,1,2,"high IP-hash count: 14; network risk observations: proxy=0, vpn=0, hosting=1"
00025ff290f546fc949bdbce43baa989,JJnutshaqq,PCVR,76561199119386136,76561199119386136,,2,1,0,9,0,0,0,1,player/profile current_name mismatch
000260727e7240f2afbedd212fabdf93,micha666,PCVR,76561198120196415,76561198120196415,,7,1,0,24,0,0,0,1,high IP-hash count: 24
00026140c2a043b59df1b9882807358e,Bluespiderzz,PCVR,76561198213028520,76561198213028520,,10,1,0,21,0,0,0,1,high IP-hash count: 21
000261b7c3e64c0e9a6a14e37cf37b86,ArmyShots,PCVR,76561198149669746,76561198149669746,,1,1,0,4,0,0,0,0,
0002641493aa4331a8e56373e8fcdb84,SamL0311,PCVR,76561198160333075,76561198160333075,,16,1,0,31,0,0,1,2,"high IP-hash count: 31; network risk observations: proxy=0, vpn=0, hosting=1"
000264bfe5a243f6b48b05402cd92e5a,DaDarkHamster,PCVR,76561198067698419,76561198067698419,,6,1,0,14,0,0,0,2,player/profile current_name mismatch; high IP-hash count: 14
000265068845469ab24d0ddcecdc154e,ProDevin,PCVR,76561198137738207,76561198137738207,,13,1,0,26,0,0,0,1,high IP-hash count: 26
0002678e11da4099ac55373474847c90,nathanidk,PCVR,76561198115375347,76561198115375347,,2,1,0,3,0,0,0,0,
00026a9c3ccd4c85ab71fa5095ab5f05,Salsa,PCVR,76561198024543641,76561198024543641,,2,1,0,3,0,0,0,0,
000273f6940f43efb5a4904bb2829732,GoodBoyGoneBaaaad,PCVR,76561197989360121,76561197989360121,,4,1,0,11,0,0,0,1,high IP-hash count: 11
00027690fc2847a695ea4e5d0fe02444,vibraslap,PCVR,76561198864461209,76561198864461209,,3,1,0,18,1,0,1,2,"high IP-hash count: 18; network risk observations: proxy=1, vpn=0, hosting=1"
000278ad6510401d8803a97f0a7eb4ea,BadRickster99,PCVR,76561198145447778,76561198145447778,,2,1,0,6,0,0,0,0,
00027c7263f04607a98f651159d02ecc,Aydan,PCVR,76561198021525690,76561199013322788,,1,1,0,5,0,0,0,1,player/profile unique_id mismatch
00027dcd1b284de7a3531a66236eae7d,kendallalex123,PCVR,76561198132095018,76561198132095018,,8,1,0,31,0,0,0,1,high IP-hash count: 31
000280ddb3834cb8b76c2cca45d19077,AzureAD,PCVR,76561198064817649,76561198064817649,,2,1,0,9,0,0,0,0,
00028121470f43b8b6cf23572955df5b,SilvaTone,PCVR,76561198069727695,76561198069727695,,2,1,0,3,0,0,0,0,
000283fbd3764f35b4dce0e68834e82f,Goofy,PCVR,76561199064383749,76561199064383749,,2,1,0,2,0,0,0,1,player/profile current_name mismatch
00028684ccca46998dc9b648b6bf7168,Bestmedi4756,PCVR,76561198327989795,76561198327989795,,2,1,0,57,9,0,5,3,"player/profile current_name mismatch; high IP-hash count: 57; network risk observations: proxy=9, vpn=0, hosting=5"
00028769e0934c5b89e14bda8a869d22,Craig,PCVR,76561198967707329,76561199270587958,,3,1,0,7,1,0,1,3,"player/profile unique_id mismatch; player/profile current_name mismatch; network risk observations: proxy=1, vpn=0, hosting=1"
000287ce3e804853b5f00a7680503840,VendurA,PCVR,76561197990379308,76561197990379308,,1,1,0,3,0,0,0,0,
00028a6a364346c6a1321f54821a006e,CharlieAdi,PCVR,76561198098290636,76561198098290636,,1,1,0,10,0,0,0,1,high IP-hash count: 10
00028c68858446a295853c3703854217,xXLegionXx,PCVR,76561198203137214,76561198203137214,,1,1,0,5,0,0,0,0,
00028f839cd84382902df60ac43e4a7e,The Don Fader,PCVR,76561199107492595,76561199107492595,,2,1,0,8,0,0,0,1,player/profile current_name mismatch
00029136ba3e4c168f908a4aa685d52f,Poncho_Nilla,PCVR,76561198325290087,76561198325290087,,4,1,0,32,0,0,1,2,"high IP-hash count: 32; network risk observations: proxy=0, vpn=0, hosting=1"
00029368ea4446109b84d1a3c1ec3e28,grishin,PCVR,76561197983543620,76561197983543620,,3,1,0,8,0,0,0,0,
000294acabba4659a934e5be482950b1,McSlappyBallz,PCVR,76561198051735949,76561198051735949,,7,1,0,110,0,0,2,2,"high IP-hash count: 110; network risk observations: proxy=0, vpn=0, hosting=2"
000296d429ed411b98ac46b34edf4e39,knifey_mcstab,PCVR,76561198012972816,76561198012972816,,1,1,0,11,0,0,0,1,high IP-hash count: 11
000296e1675f41898d157a19a4f89468,TurboCat,PCVR,76561198027534774,76561198027534774,,1,1,0,2,0,0,0,0,
000297219b3c469d82193c6ae150644f,Mindame,PCVR,76561198266455723,76561198266455723,,3,1,0,20,1,0,1,2,"high IP-hash count: 20; network risk observations: proxy=1, vpn=0, hosting=1"
00029ce36d0f43a99711eea237301c23,kernel,PCVR,76561198169386698,76561198169386698,,4,1,0,16,0,0,0,2,player/profile current_name mismatch; high IP-hash count: 16
0002a0a2a5ae497cac393cd56cce2c7a,perc,PCVR,76561197964679479,76561197964679479,,25,1,0,41,0,0,0,1,high IP-hash count: 41
0002a0d2ab3642ae984d34f558e0e680,maxie,PCVR,76561198004924944,76561198004924944,,7,1,0,36,0,0,0,1,high IP-hash count: 36
0002a163434548798597b345ed1b6c3f,*+Bong+*,PCVR,76561198277221314,76561198277221314,,6,1,0,27,0,0,0,1,high IP-hash count: 27
0002a177281d4ba197ecbbbc0411a4ee,Erikmannen,PCVR,76561198195690267,76561198195690267,,1,1,0,6,2,0,2,1,"network risk observations: proxy=2, vpn=0, hosting=2"
0002a1dc36d74e1db0d94cdffc2a637f,Gregory,PCVR,76561199246547324,76561199246547324,,1,1,0,1,0,0,0,0,
0002a2aa9c1b47bebff4710dda85ee40,DrunkGrenadeLauncher,PCVR,76561198026998496,76561198026998496,,6,1,0,5,0,0,0,1,player/profile current_name mismatch
0002a41c50244e24840a3c16065da0d9,BeaverSqueezers,PCVR,76561198137101441,76561198137101441,,2,1,0,2,0,0,0,0,
0002a50ed09141768e6f9a0c6fa15430,Gobbledok,PCVR,76561197989229782,76561197989229782,,11,1,0,14,1,0,1,2,"high IP-hash count: 14; network risk observations: proxy=1, vpn=0, hosting=1"
0002a697db054eaa8f9195beea524705,Kulmania,PCVR,76561198068578827,76561198068578827,,1,1,0,4,0,0,0,0,
0002a783a6bf436fb5ab1df77778591a,TheWaytoWin549,PCVR,76561198098201494,76561198098201494,,6,1,0,24,0,0,2,3,"player/profile current_name mismatch; high IP-hash count: 24; network risk observations: proxy=0, vpn=0, hosting=2"
0002aa1d5b7b4ffa997e0a01a240d5aa,Child Puss Magnet,PCVR,76561199433855928,76561198128998714,,2,1,0,3,1,0,1,2,"player/profile unique_id mismatch; network risk observations: proxy=1, vpn=0, hosting=1"
0002ac67ea7b4d9f9eb8052cce83c22f,KillerJim,PCVR,76561198309417559,76561198309417559,,4,1,0,21,2,0,3,2,"high IP-hash count: 21; network risk observations: proxy=2, vpn=0, hosting=3"
0002af74ec0343ff8549a127d64642be,IndirectAura12,PCVR,76561199065997426,76561199065997426,,8,1,0,17,0,0,0,1,high IP-hash count: 17
0002b05829aa443c987b95d7357bcdf5,Dank_Froggy,PCVR,76561198049430258,76561198049430258,,7,1,0,75,0,0,1,2,"high IP-hash count: 75; network risk observations: proxy=0, vpn=0, hosting=1"
0002b5fac3914835b6b862393ce26c01,HopingSky,PCVR,76561198354301753,76561198354301753,,3,1,0,10,0,0,0,2,player/profile current_name mismatch; high IP-hash count: 10
0002b83abf6c4ee7b0df949feb54a82d,Henrles Googlestein,PCVR,Henrles Googlestein,76561198168041872,,1,1,0,4,0,0,0,1,player/profile unique_id mismatch
0002b922386a4c588b2577b7b8a8b868,IceColdMars,PCVR,76561198043918201,76561198043918201,,5,1,0,7,0,0,0,0,
0002bafbfe694ddfad56a8ed7355a408,Salted Cracker Jack,PCVR,76561198402049291,76561198402049291,,2,1,0,2,0,0,0,1,player/profile current_name mismatch
0002bd01e58e40159f8107275eba47b1,GY,PCVR,76561199069532227,76561199069532227,,2,1,0,3,0,0,0,0,
0002be7b70454d159b02afd4f7df9f8a,tinmanmike104,PCVR,76561198288938876,76561198288938876,,6,1,0,24,2,0,1,2,"high IP-hash count: 24; network risk observations: proxy=2, vpn=0, hosting=1"
0002c104af254160a37ed32dac112c9c,CertifdGrveDggr,PCVR,76561199207448133,76561199207448133,,2,1,0,4,0,0,0,0,
0002c383bbc44ec2a216dddeeac85859,Dadimir Putin,PCVR,76561198055421987,76561198055421987,,1,1,0,4,0,0,0,0,
0002c57c88be4819a638b68de1c42e6a,Le Petit Nicolas,PCVR,Le Petit Nicolas,76561198314316144,,1,1,0,2,0,0,0,1,player/profile unique_id mismatch
0002c7c0f1df4a47870c7899e983d464,DelayNoMore,PCVR,76561198098421718,76561198098421718,,2,1,0,16,0,0,0,1,high IP-hash count: 16
0002c9839fa949e8a320594adf004d70,HenrySkatz,PCVR,76561199040212657,76561199040212657,,10,1,0,28,0,0,1,2,"high IP-hash count: 28; network risk observations: proxy=0, vpn=0, hosting=1"
0002ce8199f0442c837004e6504d1d20,French_spy,PCVR,76561198155497960,76561198155497960,,4,1,0,26,0,0,0,1,high IP-hash count: 26
0002cf85bfb74d5a802ef7230b942f99,Lyonax,PCVR,76561198073468649,76561198073468649,,1,1,0,4,0,0,0,0,
0002d11c940546d98daaa0da51bf591a,Rammstein,PCVR,76561198003121264,76561198003121264,,6,1,0,23,1,0,1,2,"high IP-hash count: 23; network risk observations: proxy=1, vpn=0, hosting=1"
0002d173c8354aef81d3177f966241c6,ALEX,PCVR,76561198390183463,76561198390183463,,4,1,0,10,0,0,0,1,high IP-hash count: 10
0002d17c3b9b411fb9b38bc237383e05,baiyi,PCVR,76561198320880770,76561198320880770,,2,1,0,6,0,0,0,0,
0002d1d3abb44e0dbb2f691f311550e3,ZirakZigil,PCVR,76561197985046958,76561197985046958,,15,1,0,86,0,0,0,1,high IP-hash count: 86
0002d466501949c0b07dfa41da36ca27,coilsbeenfoiled,PCVR,76561199164345373,76561199164345373,,1,1,0,2,0,0,0,0,
0002d533b9bc4ce7bbe1e740b15ac923,PackWatch Rest In Piss,PCVR,76561198385854848,76561198385854848,,1,1,0,2,0,0,0,0,
0002d65803bc47abae83834239844e36,Killacamcam,PCVR,76561199274363687,76561199274363687,,25,1,0,50,0,0,0,1,high IP-hash count: 50
0002d88fc47642fe84d7d954d5a6e072,THOR_AXE_,PCVR,76561198074625642,76561198074625642,,2,1,0,5,0,0,0,0,
0002da57949b45f481d1f7ca13a48773,Hi,PCVR,76561198155623380,76561198155623380,,10,1,0,29,0,0,0,1,high IP-hash count: 29
0002db03dd954c99b79137105e7ed0fb,Migrating Heavy,PCVR,76561198428588809,76561198428588809,,2,1,0,2,0,0,0,1,player/profile current_name mismatch
0002db06ff4b4a23ada8231b7327fcf6,KoMbAt,PCVR,76561197961327666,76561197961327666,,9,1,0,34,1,0,1,2,"high IP-hash count: 34; network risk observations: proxy=1, vpn=0, hosting=1"
0002db68724442038c1b446fd2057578,GoodwillGoth,PCVR,76561199044016637,76561199044016637,,4,1,0,14,0,0,0,1,high IP-hash count: 14
0002ded152484f928d2bae933d41c2a6,Vicrose,PCVR,76561198107073540,76561198107073540,,1,1,0,3,0,0,0,0,
0002e0089b5c4bb48e7066fb235bb51d,PartyPants1864.TTV,PCVR,76561198354265005,76561198354265005,,1,1,0,1,0,0,0,0,
0002e195f95640d4a27e28750ba45de4,Silhoucat,PCVR,76561198011766824,76561198011766824,,2,1,0,10,0,0,0,1,high IP-hash count: 10
0002e1ae1d344d639a7d134648962425,Nova,PCVR,76561198082079989,76561198082079989,,1,1,0,5,0,0,0,0,
0002e1fb2e7745d1a984b56fa98bd7c3,Suomynona07,PCVR,76561198153951057,76561198153951057,,2,1,0,7,0,0,0,0,
0002e2657a794e57be9b4391123d6ce8,mistahvir4l,PCVR,76561198865544872,76561198865544872,,7,1,0,31,0,0,0,1,high IP-hash count: 31
0002e2b550ce4c62b8c6b57e69389f84,Cakeee,PCVR,76561198005163013,76561198005163013,,24,1,0,59,10,4,6,2,"high IP-hash count: 59; network risk observations: proxy=10, vpn=4, hosting=6"
0002e3051ceb47718835edb08de6db7b,tom hanks,PCVR,76561198799216200,76561198799216200,,3,1,0,6,0,0,0,1,player/profile current_name mismatch
0002e37879d14bc086ff46c3c2312121,mystyksoldier,PCVR,76561198842921016,76561198842921016,,2,1,0,5,0,0,0,0,
0002e3b97fbd45129716141f2a342c05,Endo,PCVR,76561198111168774,76561198111168774,,1,1,0,12,0,0,0,1,high IP-hash count: 12
0002e41d922845fba2ec0638430f1682,Xela112233,PCVR,76561198112183889,76561198112183889,,7,1,0,21,4,0,4,2,"high IP-hash count: 21; network risk observations: proxy=4, vpn=0, hosting=4"
0002e5ebcb484776926fd4d96388b310,TheKingChava,PCVR,76561199232084792,76561199232084792,,5,1,0,9,0,0,0,1,player/profile current_name mismatch
0002e66a9e0945a68e9a5d2f8f8b4b7c,MrMik1,PCVR,76561198997649807,76561198997649807,,3,1,0,16,0,0,0,1,high IP-hash count: 16
0002e6b8bc4b4354ad355a2b6bc31f3c,Ford Pinto,PCVR,Ford Pinto,76561198121604095,,3,1,0,10,1,0,1,4,"player/profile unique_id mismatch; player/profile current_name mismatch; high IP-hash count: 10; network risk observations: proxy=1, vpn=0, hosting=1"
0002e6da779540e492897b5a239469c0,Patchie,PCVR,76561198304024853,76561199006633435,,1,1,0,3,0,0,0,1,player/profile unique_id mismatch
0002e84b634d487eb53af49bca3e42da,"""Bojangles""",PCVR,76561198413143610,76561198413143610,,5,1,0,18,0,0,0,1,high IP-hash count: 18
0002eb95ffa4468780bd9bd8d66e97f4,Cronterx,PCVR,76561198133010586,76561198133010586,,1,1,0,2,0,0,0,0,
0002ebaf21d44a869cf6cb0fd884d7b2,Zacharyw47,PCVR,76561198845878696,76561198845878696,,1,1,0,8,0,0,0,0,
0002ec5c3045477494f5d121266a14a9,Bachewychomp,PCVR,76561199081079020,76561199081079020,,1,1,0,21,0,0,0,1,high IP-hash count: 21
0002ed12453e472b807cd10e4177a3a4,RayzorEdge,PCVR,76561198134231189,76561198134231189,,13,1,0,37,1,0,1,2,"high IP-hash count: 37; network risk observations: proxy=1, vpn=0, hosting=1"
0002ee068026403bb2940430a10c47a3,Waffles,PCVR,76561197976532471,76561197976532471,,3,1,0,39,0,0,1,2,"high IP-hash count: 39; network risk observations: proxy=0, vpn=0, hosting=1"
0002ee1b82454284b212b35737075aa0,mogami,PCVR,76561198368592679,76561198368592679,,2,1,0,9,0,0,0,0,
0002ee93a4bb47478b46e24fbf11c653,AGirlScout420,PCVR,76561199152750895,76561199152750895,,4,1,0,10,0,0,0,1,high IP-hash count: 10
0002f4b9a4bb45c59c55a8cf29e0d90d,Z1MMUK,PCVR,76561198956205766,76561198956205766,,5,1,0,47,1,0,2,2,"high IP-hash count: 47; network risk observations: proxy=1, vpn=0, hosting=2"
0002fc4a406b4bb78f5aa68544612d02,PIPUPINE,PCVR,76561198805194554,76561198805194554,,1,1,0,10,0,0,0,1,high IP-hash count: 10
0002fd80e0ef400290d3c2940b74ceac,germangarles,PCVR,76561198838312966,76561198838312966,,1,1,0,5,0,0,0,0,
